<?xml version="1.0" encoding="UTF-8"?>
<!DOCTYPE mapper
PUBLIC "-//mybatis.org//DTD Mapper 3.0//EN"
"https://mybatis.org/dtd/mybatis-3-mapper.dtd">
<mapper namespace="com.soldesk.healthproject.mapper.ProductMapper">
	
	
	<!-- 상품 목록 조회 -->
	<select id="selectProductList" resultType="com.soldesk.healthproject.domain.ProductVO">
		SELECT product_number, product_content, product_period, product_price, product_stock, product_delete_flag
		FROM project_health.product
	</select>
	
	<!-- 특정 상품 조회 -->
	<select id="selectProduct">
		SELECT product_number, product_content, product_period, product_price, product_stock, product_delete_flag
		FROM project_health.product
		WHERE product_number = #{product_number}
	</select>
	
	<!-- 상품 등록 -->
	<insert id="insertProduct">
		INSERT INTO project_health.product
		VALUES (#{product_number},
				#{product_content},
				#{product_period},
				#{product_price},
				#{product_stock}
				<!--  #{product_delete_flag}) -->
	</insert>
	
	<!-- 상품 수정 -->
	<update id="updateProduct">
		UPDATE project_health.product
		SET #{product_content},
			#{product_period},
			#{product_price},
			#{product_stock},
		WHERE product_number = #{product_number}
	</update>
	
	<!-- 상품 삭제 -->
	<delete id="deleteProduct">
		DELETE FROM project_health.product
		WHERE product_number = #{product_number}
	</delete>
	
	
</mapper>