<?xml version="1.0" encoding="UTF-8"?>
<!DOCTYPE mapper
  PUBLIC "-//mybatis.org//DTD Mapper 3.0//EN"
  "https://mybatis.org/dtd/mybatis-3-mapper.dtd">
  <mapper namespace="com.soldesk.healthproject.mapper.QuestionBoardMapper">
  
<!-- 게시물 조회 - 목록 --><!-- 
	<select id="selectQuestionBoardList" resultType="com.soldesk.healthproject.domain.QuestionBoardVO">
		SELECT qpost_number, qtitle, qcontent, qwriter, qregister_date, qview_count, qreply_count, qdelete_flag
		FROM project_health.question_board
		WHERE qpost_number > 0
		ORDER BY qpost_number DESC
	</select> -->
	
	<!-- 게시물 목록조회(READ): 페이징 고려, 기간검색 포함 -->  
	<select id="selectQuestionBoardList" resultType="com.soldesk.healthproject.domain.QuestionBoardVO"
	        parameterType="com.soldesk.healthproject.common.paging.domain.QuestionBoardPagingDTO">
		<![CDATA[
			SELECT qpost_number, qtitle, qcontent, qwriter, qregister_date, qview_count, qreply_count, qdelete_flag
			FROM ( SELECT /*+ INDEX_DESC (a pk_question_board) */ROWNUM rn, a.*
			       FROM project_health.question_board a
			       WHERE 
		]]>

		<choose>
			<when test="(beginDate != null and beginDate != '') and (endDate != null and endDate != '')">
			 	qregister_date BETWEEN TO_DATE(#{beginDate}, 'YYYY-MM-DD')
			 				 AND TO_DATE(#{endDate}, 'YYYY-MM-DD') AND
			</when>
		</choose>
		<trim prefix="(" suffix=") AND" prefixOverrides="OR" >
			<foreach item='scope' collection="myScopeArr">
				<trim prefix="OR">
					<choose>
						<when test="scope == 'T'.toString()">qtitle LIKE '%'||#{keyword}||'%'</when>
						<when test="scope == 'C'.toString()">qcontent LIKE '%'||#{keyword}||'%'</when>
						<when test="scope == 'W'.toString()">qwriter LIKE '%'||#{keyword}||'%'</when>
					</choose>
				</trim> 
			</foreach>
		</trim>	 

		<![CDATA[	       
			       ROWNUM <= (#{pageNum} * #{rowAmountPerPage})
			       )
			 WHERE rn >= ((#{pageNum} * #{rowAmountPerPage}) - (#{rowAmountPerPage} - 1)) 
		]]>
	</select> 

	
<!-- 게시물 총 개수 조회(페이징): -->	
	<select id="selectRowTotal" resultType="long"
	        parameterType="com.soldesk.healthproject.common.paging.domain.QuestionBoardPagingDTO" >
		SELECT COUNT(*) rowTotal FROM project_health.question_board
		<where>
			<trim prefix="(" suffix=")" prefixOverrides="OR">
				<foreach item='scope' collection="myScopeArr">
					<trim prefix="OR">
						<choose>
							<when test="scope == 'T'.toString()">qtitle LIKE '%'||#{keyword}||'%'</when>
							<when test="scope == 'C'.toString()">qcontent LIKE '%'||#{keyword}||'%'</when>
							<when test="scope == 'W'.toString()">qwriter LIKE '%'||#{keyword}||'%'</when>
						</choose>
					</trim> 
				</foreach>
			</trim>
			<choose>
				<when test="(beginDate != null and beginDate != '') and (endDate != null and endDate != '')">
					AND qregister_date BETWEEN TO_DATE(#{beginDate}, 'YYYY-MM-DD')
				 		 		     AND TO_DATE(#{endDate}, 'YYYY-MM-DD')
				</when>
			</choose>	 
		</where>
	</select> 
	
<!-- 게시물 등록 -->
	<insert id="insertQuestionBoard" parameterType="com.soldesk.healthproject.domain.QuestionBoardVO">
		<selectKey order="BEFORE" keyProperty="qpost_number" resultType="long">
			SELECT project_health.seq_question_board.nextval FROM dual
		</selectKey>
		INSERT INTO project_health.question_board
		VALUES(#{qpost_number}, #{qtitle}, #{qcontent}, #{qwriter}, DEFAULT, DEFAULT, DEFAULT, 'N')
	</insert>
	
<!-- 특정 게시물 조회 -->
	<select id="selectQuestionBoard">
		SELECT qpost_number, qtitle, qcontent, qwriter, qregister_date, qview_count, qreply_count, qdelete_flag
		FROM project_health.question_board
		WHERE qpost_number = #{qpost_number}
	</select>
	
<!-- 특정 게시물 삭제 요청 -->
	<update id="updateQdeleteFlag" parameterType="long">
		UPDATE project_health.question_board
		SET qdelete_flag = 1
		WHERE qpost_number = #{qpost_number}
	</update>
	
<!-- 특정 게시물 삭제 - 실제 삭제 -->
	<delete id="deleteQuestionBoard" parameterType="long">
		DELETE FROM project_health.question_board
		WHERE qpost_number = #{qpost_number}
	</delete>

<!-- 게시물 삭제(관리자) -->

<!-- 특정 게시물 수정 -->
	<update id="updateQuestionBoard" parameterType="com.soldesk.healthproject.domain.QuestionBoardVO">
		UPDATE project_health.question_board
		SET qtitle = #{qtitle},
			qcontent = #{qcontent}
		WHERE qpost_number = #{qpost_number}
	</update>

<!-- 특정 게시물 조회수 증가 -->
	<update id = "updateQviewCount">
		UPDATE project_health.question_board
		SET qview_count = qview_count + 1
		WHERE qpost_number = #{qpost_number}
	</update>
	

</mapper>