<?xml version="1.0" encoding="UTF-8"?>
<!DOCTYPE mapper
PUBLIC "-//mybatis.org//DTD Mapper 3.0//EN"
"https://mybatis.org/dtd/mybatis-3-mapper.dtd">
<mapper namespace="com.soldesk.healthproject.mapper.TicketMapper">
	
	
	<!-- 회원권 목록 조회 -->
	<select id="selectTicketList" resultType="com.soldesk.healthproject.domain.TicketVO">
		SELECT ticket_number, ticket_content, ticket_start_date, ticket_end_date, pt_count, ticket_price
		FROM project_health.ticket
	</select>
	
	<!-- 특정 회원권 조회 -->
	<select id="selectTicket">
		SELECT ticket_number, ticket_content, ticket_start_date, ticket_end_date, pt_count, ticket_price
		FROM project_health.ticket
		WEHRE ticket_number = #{ticket_number}
	</select>
	
	<!-- 회원권 등록 -->
	<insert id="insertTicket">
		INSERT INTO project_health.ticket
		VALUES (#{ticket_number},
				#{ticket_content},
				#{ticket_start_date},
				#{ticket_end_date},
				#{pt_count},
				#{ticket_price})
	</insert>
	
	<!-- 회원권 수정 -->
	<update id="updateTicket">
		UPDATE project_health.ticket
		SET #{ticket_content},
			#{ticket_start_date},
			#{ticket_end_date},
			#{pt_count},
			#{ticket_price}
		WEHRE ticket_number = #{ticket_number}
	</update>
	
	<!-- 회원권 삭제 -->
	<delete id="deleteTicket">
		DELETE FROM project_health.ticket
		WHERE ticket_number = #{ticket_number}
	</delete>
	
	
</mapper>